Timestamp,Median,Q1,Q3,Official
2025-11-23 17:05:30,176.37,176.35,176.38,153.23
2025-11-23 17:14:10,176.36,176.29,176.36,153.23
2025-11-23 17:20:28,176.36,176.16,176.36,153.23
2025-11-23 17:32:18,176.35,176.19,176.35,153.23
2025-11-23 17:35:24,176.37,176.27,176.37,153.23
2025-11-23 18:12:04,176.36,176.33,176.36,153.23
2025-11-23 18:46:07,176.36,176.35,176.36,153.23
2025-11-23 18:59:48,176.36,176.35,176.36,153.23
2025-11-23 19:01:29,176.36,176.35,176.36,153.23
2025-11-23 19:09:21,176.36,176.35,176.36,153.23
2025-11-23 19:22:17,176.36,176.35,176.36,153.23
2025-11-23 19:35:38,176.36,176.35,176.36,153.23
2025-11-23 20:10:01,176.35,176.34,176.35,153.23
2025-11-23 20:34:39,176.34,176.32,176.34,153.23
2025-11-23 21:01:22,176.35,176.33,176.35,153.23
2025-11-23 21:31:59,176.35,176.34,176.35,153.23
2025-11-23 22:01:16,176.34,176.33,176.34,153.23
2025-11-23 22:34:29,176.33,176.32,176.33,153.23
2025-11-23 23:01:24,176.33,176.32,176.33,153.23
2025-11-23 23:32:18,176.33,176.32,176.33,153.23
2025-11-24 00:01:55,176.33,176.32,176.33,153.23
2025-11-24 00:46:24,176.35,176.34,176.35,153.23
2025-11-24 01:29:33,176.34,176.33,176.34,153.28
2025-11-24 02:18:45,176.36,176.35,176.36,153.28
2025-11-24 03:01:57,176.35,176.34,176.35,153.28
2025-11-24 03:49:06,176.36,176.35,176.36,153.28
2025-11-24 04:10:29,176.36,176.35,176.36,153.28
2025-11-24 04:40:46,176.36,176.35,176.36,153.28
2025-11-24 05:01:51,176.35,176.34,176.35,153.28
2025-11-24 05:36:00,176.37,176.36,176.37,153.28
2025-11-24 05:39:03,155.66,145.05,168.16,153.28
2025-11-24 05:43:04,176.37,176.36,176.37,153.28
2025-11-24 06:22:57,176.35,176.34,176.35,153.28
2025-11-24 06:41:58,176.35,176.34,176.35,153.28
2025-11-24 07:01:30,176.34,176.33,176.34,153.28
2025-11-24 07:33:38,176.35,176.34,176.35,153.28
2025-11-24 08:01:16,176.35,176.34,176.35,153.28
2025-11-24 08:40:16,176.35,176.34,176.35,153.28
2025-11-24 09:02:01,176.35,176.34,176.35,153.28
2025-11-24 09:37:34,176.36,176.36,176.36,153.28
2025-11-24 09:43:06,176.34,176.34,176.34,153.28
2025-11-24 15:59:28,176.39,176.39,176.39,153.28
2025-11-24 16:01:37,176.37,176.37,176.37,153.28
2025-11-24 16:10:26,175.63,175.03,176.37,153.28
2025-11-24 16:12:42,175.61,175.01,176.35,153.28
2025-11-24 16:20:17,175.6,175.0,176.35,153.28
2025-11-24 16:26:47,175.61,175.01,176.35,153.28
2025-11-24 16:32:40,175.6,175.0,176.34,153.28
2025-11-24 16:39:40,175.6,175.0,176.34,153.28
2025-11-24 16:42:12,176.34,176.18,176.34,153.28
2025-11-24 16:56:16,176.32,176.12,176.32,153.28
2025-11-24 16:57:27,176.32,176.16,176.32,153.28
2025-11-24 17:00:29,176.32,176.16,176.32,153.28
2025-11-24 17:11:55,176.35,176.13,176.35,153.28
2025-11-24 17:21:04,176.36,176.2,176.36,153.28
2025-11-24 17:23:59,170.08,159.76,174.69,153.28
2025-11-24 17:34:21,170.06,159.98,174.67,153.28
2025-11-24 17:49:37,172.61,160.69,174.78,153.28
2025-11-24 17:55:28,172.62,160.7,174.78,153.28
2025-11-24 18:02:17,172.61,160.68,174.74,153.28
2025-11-24 18:17:05,172.78,161.04,174.89,153.28
2025-11-24 18:32:32,172.82,161.05,174.95,153.28
2025-11-24 18:49:15,172.82,161.05,174.98,153.28
2025-11-24 19:00:06,172.78,161.04,174.89,153.28
2025-11-24 19:05:06,176.35,175.6,176.35,153.28
2025-11-24 19:20:02,176.34,175.59,176.34,153.28
2025-11-24 19:30:13,176.32,175.25,176.34,153.28
2025-11-24 19:35:50,176.34,175.59,176.34,153.28
2025-11-24 19:45:51,176.32,175.57,176.32,153.28
2025-11-24 19:49:50,176.33,175.58,176.33,153.28
2025-11-24 19:51:24,176.32,175.57,176.32,153.28
2025-11-24 19:58:25,176.33,175.58,176.33,153.28
2025-11-24 20:11:05,176.34,175.59,176.34,153.28
2025-11-24 20:20:31,176.34,175.59,176.34,153.28
2025-11-24 20:24:38,176.32,175.26,176.34,153.28
2025-11-24 20:31:09,176.34,175.59,176.34,153.28
2025-11-24 20:35:55,176.33,175.58,176.33,153.28
2025-11-24 20:37:47,176.34,175.59,176.34,153.28
2025-11-24 20:44:41,176.31,175.25,176.33,153.28
2025-11-24 20:52:29,176.29,175.25,176.33,153.28
2025-11-24 20:59:35,176.3,175.24,176.32,153.28
2025-11-24 21:05:53,176.29,175.24,176.32,153.28
2025-11-24 21:10:03,176.28,175.23,176.31,153.28
2025-11-24 21:20:24,176.28,175.23,176.32,153.28
2025-11-24 21:22:38,176.29,175.23,176.32,153.28
2025-11-24 21:26:59,176.29,175.24,176.32,153.28
2025-11-24 21:33:14,176.29,175.24,176.32,153.28
2025-11-24 21:42:26,176.14,175.22,176.3,153.28
2025-11-24 21:47:46,175.56,175.0,176.3,153.28
2025-11-24 21:49:52,175.57,175.01,176.31,153.28
2025-11-24 21:52:55,176.31,176.31,176.31,153.28
2025-11-24 21:57:04,176.31,176.31,176.31,153.28
2025-11-24 22:06:35,176.31,176.31,176.31,153.28
2025-11-24 22:18:25,176.3,176.3,176.3,153.28
2025-11-24 22:31:32,176.33,176.33,176.33,153.28
2025-11-24 22:41:22,176.33,176.33,176.33,153.28
2025-11-24 22:49:08,176.33,176.33,176.33,153.28
2025-11-24 22:56:36,176.33,176.33,176.33,153.28
2025-11-24 23:10:12,176.17,175.24,176.33,153.28
2025-11-24 23:18:19,176.17,175.24,176.33,153.28
2025-11-24 23:22:04,176.18,175.25,176.34,153.28
2025-11-24 23:29:27,176.17,175.24,176.33,153.28
2025-11-24 23:53:51,176.17,175.24,176.33,153.28
2025-11-25 00:00:53,176.17,175.23,176.33,153.28
2025-11-25 00:09:17,175.59,175.03,176.33,153.28
2025-11-25 00:27:16,175.59,174.97,176.32,153.28
2025-11-25 00:36:49,175.6,174.97,176.33,153.28
2025-11-25 00:40:16,175.59,174.96,176.32,153.28
2025-11-25 00:43:29,175.6,174.97,176.33,153.28
2025-11-25 01:04:43,175.58,174.9,176.32,153.41
2025-11-25 01:44:53,175.58,174.96,176.32,153.41
2025-11-25 02:24:19,175.59,174.97,176.33,153.41
2025-11-25 02:59:55,175.59,174.97,176.32,153.41
2025-11-25 03:31:48,175.59,174.95,176.33,153.41
2025-11-25 03:53:36,175.84,174.97,176.32,153.41
2025-11-25 04:04:44,175.61,174.88,176.33,153.41
2025-11-25 04:17:35,175.6,174.87,176.33,153.41
2025-11-25 04:33:14,175.58,174.69,176.33,153.41
2025-11-25 04:45:09,175.59,174.87,176.33,153.41
2025-11-25 04:54:15,175.61,174.88,176.35,153.41
2025-11-25 05:02:05,175.6,174.87,176.34,153.41
2025-11-25 05:13:15,175.6,174.89,176.34,153.41
2025-11-25 05:27:02,175.69,174.9,176.34,153.41
2025-11-25 05:39:04,176.05,174.99,176.34,153.41
2025-11-25 05:48:20,176.1,175.0,176.35,153.41
2025-11-25 05:56:11,176.16,174.99,176.34,153.41
2025-11-25 06:08:05,176.14,174.98,176.34,153.41
2025-11-25 06:21:46,176.16,174.99,176.33,153.41
2025-11-25 06:39:46,176.16,174.99,176.33,153.41
2025-11-25 06:53:51,176.14,174.97,176.32,153.41
2025-11-25 07:02:15,176.15,174.97,176.32,153.41
2025-11-25 07:13:25,175.97,174.92,176.32,153.41
2025-11-25 07:27:01,175.61,174.84,176.32,153.41
2025-11-25 07:36:48,176.31,175.53,176.31,153.41
2025-11-25 07:45:04,176.32,175.54,176.32,153.41
2025-11-25 07:52:14,176.32,175.54,176.32,153.41
2025-11-25 08:09:52,176.33,175.55,176.33,153.41
2025-11-25 08:13:48,176.33,175.55,176.33,153.41
2025-11-25 08:29:07,176.33,175.55,176.33,153.41
2025-11-25 08:44:33,176.33,175.55,176.33,153.41
2025-11-25 08:56:28,176.31,175.53,176.31,153.41
2025-11-25 09:07:52,176.33,175.54,176.33,153.41
2025-11-25 09:21:01,176.33,175.53,176.33,153.41
2025-11-25 09:35:37,176.3,175.51,176.31,153.41
2025-11-25 09:46:26,176.31,175.52,176.32,153.41
2025-11-25 09:54:53,176.32,175.53,176.32,153.41
2025-11-25 10:03:47,176.31,175.51,176.31,153.41
2025-11-25 10:15:59,176.3,175.51,176.31,153.41
2025-11-25 10:31:10,176.3,175.42,176.31,153.41
2025-11-25 10:44:58,176.31,175.38,176.32,153.41
2025-11-25 10:54:46,176.31,175.42,176.32,153.41
2025-11-25 11:02:49,176.31,175.52,176.32,153.41
2025-11-25 11:13:49,176.31,175.52,176.32,153.41
2025-11-25 11:26:35,176.32,175.53,176.32,153.41
2025-11-25 11:35:26,176.31,175.43,176.32,153.41
2025-11-25 11:44:26,176.32,175.48,176.33,153.41
2025-11-25 11:52:10,176.31,175.52,176.32,153.41
2025-11-25 11:59:24,176.32,175.54,176.32,153.41
2025-11-25 12:17:21,176.33,175.27,176.34,153.41
2025-11-25 12:35:09,176.3,175.51,176.3,153.41
2025-11-25 12:59:12,176.32,175.34,176.33,153.41
2025-11-25 13:19:23,176.31,175.33,176.32,153.41
2025-11-25 13:26:04,176.04,174.65,176.34,153.41
2025-11-25 13:36:43,174.1,173.63,174.65,153.41
2025-11-25 13:49:50,174.51,174.03,174.72,153.41
2025-11-25 13:58:01,174.49,174.05,174.73,153.41
2025-11-25 14:09:40,174.19,173.75,174.65,153.41
2025-11-25 14:22:29,174.2,173.77,174.67,153.41
2025-11-25 14:36:21,174.11,173.79,174.69,153.41
2025-11-25 14:47:27,174.11,173.77,174.67,153.41
2025-11-25 14:55:11,174.14,173.77,174.67,153.41
2025-11-25 15:04:05,174.11,173.77,174.67,153.41
2025-11-25 15:15:50,174.1,173.76,174.66,153.41
2025-11-25 15:30:37,174.1,173.78,174.67,153.41
2025-11-25 15:36:49,174.12,173.78,174.68,153.41
2025-11-25 15:42:35,174.12,173.78,174.68,153.41
2025-11-25 15:47:17,174.12,173.78,174.68,153.41
2025-11-25 15:52:00,174.1,173.76,174.66,153.41
2025-11-25 15:59:48,174.1,173.78,174.68,153.41
2025-11-25 16:08:58,174.65,170.05,176.71,153.41
2025-11-25 16:12:02,174.66,170.11,176.73,153.41
2025-11-25 16:26:52,174.67,170.08,176.74,153.41
2025-11-25 16:43:14,174.58,166.05,176.72,153.41
2025-11-25 16:52:46,174.58,166.06,176.73,153.41
2025-11-25 16:55:41,174.58,166.06,176.72,153.41
2025-11-25 17:05:56,174.58,166.06,176.72,153.41
2025-11-25 17:10:38,174.58,168.06,176.72,153.41
2025-11-25 17:13:10,174.58,168.45,176.72,153.41
2025-11-25 17:17:59,174.57,169.19,176.71,153.41
2025-11-25 17:32:01,174.57,169.58,176.71,153.41
2025-11-25 17:36:38,174.57,169.19,176.71,153.41
2025-11-25 17:44:13,174.58,169.58,176.71,153.41
2025-11-25 17:48:00,174.56,169.19,176.71,153.41
2025-11-25 17:50:43,174.57,169.19,176.71,153.41
2025-11-25 17:58:10,174.57,169.56,176.72,153.41
2025-11-25 18:03:17,174.57,169.58,176.74,153.41
2025-11-25 18:13:23,174.6,169.61,176.75,153.41
2025-11-25 18:28:39,174.57,169.59,176.74,153.41
2025-11-25 18:36:41,174.66,174.08,181.1,153.41
2025-11-25 18:45:23,174.67,174.09,180.84,153.41
2025-11-25 21:19:53,174.5,164.82,176.7,153.41
2025-11-25 21:24:45,174.5,164.82,176.7,153.41
2025-11-25 21:30:40,174.5,164.81,176.69,153.41
2025-11-25 21:34:22,174.5,164.81,176.69,153.41
2025-11-25 21:43:26,174.51,164.82,176.7,153.41
2025-11-25 21:44:58,174.55,166.03,176.7,153.41
2025-11-25 21:49:30,173.78,173.67,174.26,153.41
2025-11-25 21:51:04,173.76,173.69,174.26,153.41
2025-11-25 21:53:51,174.55,168.04,176.73,153.41
2025-11-25 21:58:16,174.02,173.67,174.6,153.41
2025-11-25 22:01:07,174.02,173.67,174.6,153.41
2025-11-25 22:09:22,173.98,173.69,174.57,153.41
2025-11-25 22:10:56,174.56,167.54,176.74,153.41
2025-11-25 22:24:54,174.09,173.68,176.73,153.41
2025-11-25 22:32:24,174.56,167.04,176.74,153.41
2025-11-25 22:34:30,174.56,167.55,176.74,153.41
2025-11-25 22:39:32,174.09,173.69,176.72,153.41
2025-11-25 22:45:03,173.78,173.69,174.26,153.41
2025-11-25 22:59:49,174.09,173.74,174.67,153.41
2025-11-25 23:02:49,174.56,167.54,176.74,153.41
2025-11-25 23:09:13,174.56,168.8,176.74,153.41
2025-11-25 23:21:27,174.55,165.5,176.71,153.41
2025-11-25 23:32:05,174.54,165.35,176.7,153.41
2025-11-25 23:40:58,174.54,165.35,176.7,153.41
2025-11-25 23:48:39,174.53,165.34,176.69,153.41
2025-11-25 23:56:09,174.54,165.34,176.7,153.41
2025-11-26 00:19:51,174.49,165.19,176.7,153.41
2025-11-26 00:41:43,174.55,172.66,176.7,153.41
2025-11-26 01:11:41,174.55,168.04,176.7,152.88
2025-11-26 01:55:01,174.56,166.01,176.7,152.88
2025-11-26 02:33:47,174.55,166.03,176.69,152.88
2025-11-26 03:06:50,174.49,164.74,176.7,152.88
2025-11-26 03:35:21,174.44,164.78,176.69,152.88
2025-11-26 03:54:53,174.65,174.07,176.76,152.88
2025-11-26 04:06:18,174.64,174.07,176.75,152.88
2025-11-26 04:19:24,174.65,174.08,176.76,152.88
2025-11-26 04:35:21,174.65,174.08,176.77,152.88
2025-11-26 04:47:24,174.65,174.08,176.83,152.88
2025-11-26 04:55:58,174.65,174.08,176.83,152.88
2025-11-26 05:05:56,174.64,174.07,177.04,152.88
2025-11-26 05:17:44,174.64,174.07,177.04,152.88
2025-11-26 05:31:31,174.65,174.08,177.05,152.88
2025-11-26 05:41:49,174.64,174.07,177.04,152.88
2025-11-26 05:50:00,174.65,174.08,177.06,152.88
2025-11-26 05:57:07,174.66,174.06,177.51,152.88
2025-11-26 06:10:57,174.65,174.08,177.65,152.88
2025-11-26 06:25:43,174.59,174.05,177.06,152.88
2025-11-26 06:44:14,174.64,174.07,177.65,152.88
2025-11-26 06:56:11,174.66,174.08,177.65,152.88
2025-11-26 07:06:26,174.64,174.04,177.64,152.88
2025-11-26 07:18:23,174.65,174.05,177.65,152.88
2025-11-26 07:30:29,174.65,174.05,177.65,152.88
2025-11-26 07:39:52,174.66,174.08,177.65,152.88
2025-11-26 07:47:54,174.66,174.08,177.66,152.88
2025-11-26 07:55:42,174.65,174.07,177.65,152.88
2025-11-26 08:06:12,174.65,174.07,177.65,152.88
2025-11-26 08:19:20,174.65,174.07,177.65,152.88
2025-11-26 08:35:46,174.66,174.08,177.66,152.88
2025-11-26 08:48:16,174.65,174.07,177.65,152.88
2025-11-26 08:58:05,174.65,174.07,177.64,152.88
2025-11-26 09:11:13,174.66,174.08,177.65,152.88
2025-11-26 09:25:03,174.65,174.04,177.64,152.88
2025-11-26 09:37:46,174.65,174.04,177.65,152.88
2025-11-26 09:48:12,174.64,174.03,177.64,152.88
2025-11-26 09:56:27,174.64,174.03,177.64,152.88
2025-11-26 10:07:06,174.64,174.04,177.65,152.88
2025-11-26 10:19:44,174.64,174.04,177.65,152.88
2025-11-26 10:35:14,174.63,174.03,177.64,152.88
2025-11-26 10:46:46,174.66,174.05,177.66,152.88
2025-11-26 10:55:37,174.65,174.05,177.66,152.88
2025-11-26 11:04:52,174.66,174.05,177.66,152.88
2025-11-26 11:16:10,174.09,164.57,174.73,152.88
2025-11-26 11:27:43,174.09,164.57,174.76,152.88
2025-11-26 11:36:40,174.09,164.57,174.76,152.88
2025-11-26 11:45:08,174.09,164.56,174.76,152.88
2025-11-26 11:52:57,174.08,164.56,174.77,152.88
2025-11-26 12:00:00,174.17,164.69,174.77,152.88
2025-11-26 12:17:03,174.18,164.73,174.75,152.88
2025-11-26 12:31:58,174.19,164.78,174.75,152.88
2025-11-26 12:34:46,174.22,164.82,174.76,152.88
2025-11-26 12:37:11,174.19,164.79,174.76,152.88
2025-11-26 12:44:17,174.2,164.8,174.77,152.88
2025-11-26 12:49:56,174.22,165.17,174.76,152.88
2025-11-26 12:54:31,174.23,165.16,174.76,152.88
2025-11-26 12:59:09,174.22,165.15,174.76,152.88
2025-11-26 13:04:16,174.22,165.14,174.76,152.88
2025-11-26 13:08:34,174.24,165.15,174.78,152.88
2025-11-26 13:14:55,174.09,164.56,174.73,152.88
2025-11-26 13:29:37,174.24,165.41,174.78,152.88
2025-11-26 13:47:22,174.09,164.56,174.73,152.88
2025-11-26 13:54:42,174.09,164.61,174.73,152.88
2025-11-26 13:59:39,174.18,164.68,174.74,152.88
2025-11-26 14:04:55,174.08,164.56,174.72,152.88
2025-11-26 14:27:10,174.25,165.49,174.79,152.88
2025-11-26 14:33:30,174.38,165.93,174.98,152.88
2025-11-26 14:40:08,174.25,165.26,174.84,152.88
2025-11-26 14:50:59,174.34,165.61,175.05,152.88
2025-11-26 14:59:14,174.24,165.15,174.95,152.88
2025-11-26 15:09:10,174.25,165.08,174.81,152.88
2025-11-26 15:21:10,174.22,165.13,174.84,152.88
2025-11-26 15:34:13,174.16,164.82,174.77,152.88
2025-11-26 15:44:28,174.18,165.16,174.96,152.88
2025-11-26 15:52:51,174.17,164.8,174.89,152.88
2025-11-26 16:00:26,174.17,164.8,174.8,152.88
2025-11-26 16:13:16,174.18,164.98,175.53,152.88
2025-11-26 16:27:17,174.16,164.9,174.98,152.88
2025-11-26 16:43:07,174.08,164.55,174.72,152.88
2025-11-26 16:55:19,174.54,173.89,176.75,152.88
2025-11-26 17:03:57,174.06,164.55,174.72,152.88
2025-11-26 17:14:40,174.05,164.53,174.69,152.88
2025-11-26 17:27:36,174.51,171.29,176.77,152.88
2025-11-26 17:38:41,174.06,164.54,174.7,152.88
2025-11-26 17:47:58,174.08,164.56,174.72,152.88
2025-11-26 17:55:42,174.06,164.54,174.7,152.88
2025-11-26 18:03:06,174.15,164.7,174.7,152.88
2025-11-26 18:14:44,174.08,164.67,174.71,152.88
2025-11-26 18:29:18,174.08,164.68,174.72,152.88
2025-11-26 18:43:42,174.17,164.72,174.73,152.88
2025-11-26 18:54:29,174.16,164.7,174.72,152.88
2025-11-26 19:02:16,174.13,164.7,174.73,152.88
2025-11-26 19:12:11,174.14,164.71,174.74,152.88
2025-11-26 19:23:54,174.13,164.7,174.73,152.88
2025-11-26 19:31:25,174.16,164.69,174.72,152.88
2025-11-26 19:42:39,174.06,164.54,174.71,152.88
2025-11-26 19:50:20,174.15,164.73,174.71,152.88
2025-11-26 19:57:55,174.16,164.7,174.72,152.88
2025-11-26 20:06:40,174.14,164.69,174.7,152.88
2025-11-26 20:18:16,174.06,164.62,174.7,152.88
2025-11-26 20:32:36,174.07,164.55,174.71,152.88
2025-11-26 20:44:51,174.08,164.55,174.72,152.88
2025-11-26 20:52:37,174.16,164.71,174.74,152.88
2025-11-26 20:59:58,174.07,164.55,174.71,152.88
2025-11-26 21:10:01,174.11,164.7,174.73,152.88
2025-11-26 21:21:36,174.08,164.71,174.74,152.88
2025-11-26 21:32:07,174.08,164.71,174.74,152.88
2025-11-26 21:40:41,174.08,164.71,174.74,152.88
2025-11-26 21:47:55,174.08,164.74,174.74,152.88
2025-11-26 21:55:37,174.06,164.7,174.73,152.88
2025-11-26 22:02:51,174.07,164.7,174.74,152.88
2025-11-26 22:13:25,174.31,168.85,175.79,152.88
2025-11-26 22:26:22,174.21,168.0,175.76,152.88
2025-11-26 22:37:45,174.16,165.46,175.77,152.88
2025-11-26 22:47:04,174.15,165.38,175.77,152.88
2025-11-26 22:54:43,174.19,165.39,175.77,152.88
2025-11-26 23:01:51,174.17,165.32,175.78,152.88
2025-11-26 23:12:08,174.16,165.17,175.0,152.88
2025-11-26 23:24:26,174.16,165.17,175.21,152.88
2025-11-26 23:34:35,174.16,165.16,175.2,152.88
2025-11-26 23:43:22,174.16,165.31,175.39,152.88
2025-11-26 23:51:04,174.16,165.31,175.39,152.88
2025-11-26 23:58:24,174.16,165.31,175.39,152.88
2025-11-27 00:19:14,174.22,165.7,175.4,152.88
2025-11-27 00:43:11,174.16,165.39,174.87,152.86
2025-11-27 01:12:43,174.15,165.68,174.89,152.86
2025-11-27 01:55:16,174.15,165.57,174.81,152.86
2025-11-27 02:31:08,174.22,165.96,174.9,152.86
2025-11-27 03:05:46,174.06,164.57,174.71,152.86
2025-11-27 03:33:50,174.41,172.97,175.74,152.86
2025-11-27 03:53:36,174.45,173.76,176.66,152.86
2025-11-27 04:04:07,174.45,170.01,176.66,152.86
2025-11-27 04:15:48,174.52,173.92,176.75,152.86
2025-11-27 04:30:22,174.52,173.87,176.79,152.86
2025-11-27 04:43:38,174.57,173.93,177.26,152.86
2025-11-27 04:53:07,174.61,173.96,177.41,152.86
2025-11-27 05:00:50,174.61,173.97,177.46,152.86
2025-11-27 05:12:58,174.6,174.0,177.45,152.86
2025-11-27 05:25:59,174.62,174.0,177.47,152.86
2025-11-27 05:38:22,174.6,174.0,177.45,152.86
2025-11-27 05:48:20,174.61,174.01,177.46,152.86
2025-11-27 05:56:15,174.61,174.0,177.45,152.86
2025-11-27 06:03:21,174.62,174.01,177.46,152.86
2025-11-27 06:17:28,174.62,174.01,177.46,152.86
2025-11-27 06:33:27,174.62,174.01,177.47,152.86
2025-11-27 06:50:37,174.62,174.01,177.47,152.86
2025-11-27 07:01:27,174.62,174.01,177.47,152.86
2025-11-27 07:13:38,174.62,174.01,177.47,152.86
2025-11-27 07:26:48,174.61,173.72,177.46,152.86
2025-11-27 07:37:06,174.61,173.72,177.47,152.86
2025-11-27 07:46:06,174.61,173.72,177.46,152.86
2025-11-27 07:53:30,174.61,173.72,177.46,152.86
2025-11-27 08:01:15,174.61,173.72,177.46,152.86
2025-11-27 08:16:25,174.6,173.71,177.45,152.86
2025-11-27 08:31:36,174.6,173.71,177.45,152.86
2025-11-27 08:46:45,174.6,173.71,177.45,152.86
2025-11-27 08:57:46,174.6,173.71,177.45,152.86
2025-11-27 09:06:42,174.6,173.71,177.45,152.86
2025-11-27 09:18:41,174.52,173.72,177.46,152.86
2025-11-27 09:33:33,174.53,173.72,177.46,152.86
2025-11-27 09:44:10,174.51,173.71,177.45,152.86
2025-11-27 09:52:41,174.51,173.71,177.45,152.86
2025-11-27 09:59:57,174.52,173.71,177.45,152.86
2025-11-27 10:11:32,174.52,173.71,177.45,152.86
2025-11-27 10:24:43,174.51,173.71,177.45,152.86
2025-11-27 10:39:21,174.61,173.72,177.46,152.86
2025-11-27 10:50:17,174.6,173.71,177.45,152.86
2025-11-27 10:58:26,174.61,173.72,177.46,152.86
2025-11-27 11:07:51,174.6,173.71,177.45,152.86
2025-11-27 11:19:17,174.6,173.71,177.45,152.86
2025-11-27 11:30:43,174.6,173.71,177.46,152.86
2025-11-27 11:40:04,174.6,173.71,177.46,152.86
2025-11-27 11:48:06,174.6,173.71,177.46,152.86
2025-11-27 11:55:45,174.6,173.71,177.45,152.86
2025-11-27 12:02:51,174.57,173.72,177.46,152.86
2025-11-27 12:19:05,174.56,173.71,177.46,152.86
2025-11-27 12:36:34,174.61,173.72,177.47,152.86
2025-11-27 13:00:21,174.6,173.71,177.46,152.86
2025-11-27 13:20:13,174.6,173.71,177.46,152.86
2025-11-27 13:36:51,174.61,173.72,177.46,152.86
2025-11-27 13:50:10,174.05,165.68,175.89,152.86
2025-11-27 13:59:09,174.15,164.59,176.06,152.86
2025-11-27 14:09:23,174.52,173.75,177.46,152.86
2025-11-27 14:21:47,174.51,173.74,177.45,152.86
2025-11-27 14:35:52,174.61,173.75,177.46,152.86
2025-11-27 14:46:28,174.06,166.88,176.07,152.86
2025-11-27 14:55:32,174.61,173.75,177.46,152.86
2025-11-27 15:03:13,174.06,166.0,176.07,152.86
2025-11-27 15:14:03,174.61,173.75,177.46,152.86
2025-11-27 15:27:13,174.62,173.75,177.46,152.86
2025-11-27 15:38:21,174.63,173.76,177.48,152.86
2025-11-27 15:47:34,174.62,173.75,177.47,152.86
2025-11-27 15:55:21,174.62,173.75,177.47,152.86
2025-11-27 16:02:46,174.54,173.76,177.47,152.86
2025-11-27 16:14:16,174.62,173.76,177.49,152.86
2025-11-27 16:28:20,174.62,173.75,177.47,152.86
2025-11-27 16:42:33,174.62,173.75,177.47,152.86
2025-11-27 16:53:24,174.61,173.74,177.46,152.86
2025-11-27 17:01:49,174.62,173.75,177.47,152.86
2025-11-27 17:12:01,174.63,173.76,177.48,152.86
2025-11-27 17:24:13,174.63,173.76,177.48,152.86
2025-11-27 17:34:59,174.62,173.75,177.47,152.86
2025-11-27 17:43:48,174.62,173.75,177.47,152.86
2025-11-27 17:51:26,174.61,173.75,177.47,152.86
2025-11-27 17:59:23,174.62,173.75,177.47,152.86
2025-11-27 18:11:51,174.62,173.75,177.47,152.86
2025-11-27 18:25:30,174.51,173.73,177.46,152.86
2025-11-27 18:42:03,174.63,173.76,177.47,152.86
2025-11-27 18:53:32,174.51,173.73,177.46,152.86
2025-11-27 19:01:17,174.49,173.72,177.45,152.86
2025-11-27 19:10:57,174.62,173.75,177.46,152.86
2025-11-27 19:22:22,174.63,173.76,177.47,152.86
2025-11-27 19:31:15,174.61,173.75,177.46,152.86
2025-11-27 19:39:26,174.48,173.73,177.46,152.86
2025-11-27 19:46:57,174.48,173.73,177.46,152.86
2025-11-27 19:53:58,174.51,173.73,177.46,152.86
2025-11-27 20:01:10,174.51,173.73,177.46,152.86
2025-11-27 20:11:42,174.61,173.75,177.46,152.86
2025-11-27 20:24:14,174.6,173.74,177.45,152.86
2025-11-27 20:35:17,174.03,169.78,176.6,152.86
2025-11-27 20:44:19,174.05,169.52,176.76,152.86
2025-11-27 20:51:13,174.05,168.0,176.65,152.86
2025-11-27 20:58:39,174.05,165.94,176.33,152.86
2025-11-27 21:07:36,174.06,169.39,176.71,152.86
2025-11-27 21:18:44,174.06,169.01,176.66,152.86
2025-11-27 21:30:12,174.04,169.13,176.1,152.86
2025-11-27 21:38:30,174.05,166.0,176.21,152.86
2025-11-27 21:46:09,174.05,165.99,176.09,152.86
2025-11-27 21:53:43,174.05,165.99,176.09,152.86
2025-11-27 22:00:43,174.05,167.5,176.58,152.86
2025-11-27 22:11:27,174.05,168.0,176.09,152.86
2025-11-27 22:23:43,174.03,165.15,176.07,152.86
2025-11-27 22:35:31,174.05,169.0,176.65,152.86
2025-11-27 22:44:48,174.03,170.09,176.08,152.86
2025-11-27 22:52:29,174.0,168.0,176.0,152.86
2025-11-27 22:59:52,174.0,169.52,175.94,152.86
2025-11-27 23:10:06,174.0,169.51,175.76,152.86
2025-11-27 23:21:55,174.0,169.51,175.76,152.86
2025-11-27 23:32:27,174.0,165.99,175.0,152.86
2025-11-27 23:41:10,174.0,165.99,175.0,152.86
2025-11-27 23:48:57,174.0,168.38,175.54,152.86
2025-11-27 23:56:36,174.0,165.93,174.94,152.86
2025-11-28 00:03:45,174.0,165.95,175.0,152.86
2025-11-28 00:39:46,174.0,165.99,174.74,153.07
2025-11-28 01:07:41,174.01,166.0,174.74,152.86
2025-11-28 01:48:06,174.01,165.99,174.73,153.07
2025-11-28 02:25:07,174.05,164.57,174.76,153.07
2025-11-28 02:59:21,174.07,164.74,175.56,153.07
2025-11-28 03:29:04,174.53,170.11,177.37,153.07
2025-11-28 03:49:47,174.62,173.88,177.38,153.07
2025-11-28 04:01:56,174.61,173.82,177.36,153.07
2025-11-28 04:14:37,174.61,173.86,177.39,153.07
2025-11-28 04:28:34,174.61,173.87,177.45,153.07
2025-11-28 04:42:11,174.62,173.87,177.46,153.07
2025-11-28 04:52:06,174.61,173.87,177.46,153.07
2025-11-28 04:59:43,174.61,173.87,177.46,153.07
2025-11-28 05:10:56,174.62,173.87,177.47,153.07
2025-11-28 05:23:30,174.62,173.9,177.46,153.07
2025-11-28 05:36:53,174.62,174.0,177.47,153.07
2025-11-28 05:47:12,174.53,173.82,177.46,153.07
2025-11-28 05:54:58,174.61,173.82,177.46,153.07
2025-11-28 06:02:00,174.61,173.82,177.46,153.07
2025-11-28 06:17:04,174.62,173.83,177.48,153.07
2025-11-28 06:32:49,174.61,173.82,177.47,153.07
2025-11-28 06:49:48,174.63,173.83,177.48,153.07
2025-11-28 07:00:37,174.63,173.83,177.48,153.07
2025-11-28 07:12:33,174.64,173.84,177.49,153.07
2025-11-28 07:25:24,174.63,173.83,177.48,153.07
2025-11-28 07:35:48,174.63,173.83,177.48,153.07
2025-11-28 07:44:48,174.63,173.83,177.48,153.07
2025-11-28 07:52:27,174.62,173.83,177.48,153.07
2025-11-28 07:59:57,174.62,173.82,177.47,153.07
2025-11-28 08:13:36,174.64,173.84,177.49,153.07
2025-11-28 08:27:53,174.62,173.82,177.48,153.07
2025-11-28 08:43:49,174.61,173.81,177.46,153.07
2025-11-28 08:55:56,174.7,173.81,177.46,153.07
2025-11-28 09:04:33,174.7,173.81,177.46,153.07
2025-11-28 09:15:55,174.7,173.81,177.46,153.07
2025-11-28 09:29:58,174.71,173.82,177.47,153.07
2025-11-28 09:54:33,174.61,173.81,177.46,153.07
2025-11-28 10:00:18,174.61,173.81,177.46,153.07
2025-11-28 10:11:40,174.7,173.81,177.46,153.07
2025-11-28 10:24:22,174.7,173.81,177.46,153.07
2025-11-28 10:29:08,174.7,173.81,177.46,153.07
2025-11-28 11:07:18,175.0,173.86,177.46,153.07
2025-11-28 12:11:31,174.97,173.82,177.47,153.07
2025-11-28 13:03:44,169.56,164.55,177.45,153.07
2025-11-28 13:16:00,164.53,163.08,169.49,153.07
2025-11-28 13:18:28,174.05,166.35,176.96,153.07
2025-11-28 14:07:39,173.85,164.53,174.21,153.07
2025-11-28 15:07:42,173.85,164.1,174.14,153.07
2025-11-28 16:08:32,169.5,163.76,174.05,153.07
2025-11-28 17:07:09,173.85,164.54,174.61,153.07
2025-11-28 17:37:13,173.85,164.53,174.6,153.07
2025-11-28 17:51:34,173.89,164.69,176.03,153.07
2025-11-28 18:09:50,173.89,165.04,176.09,153.07
2025-11-28 19:07:27,173.89,165.29,176.43,153.07
2025-11-28 19:15:21,173.89,165.15,176.17,153.07
2025-11-28 19:52:09,173.88,164.53,174.62,153.07
2025-11-28 20:08:13,173.89,164.67,174.7,153.07
2025-11-28 21:07:32,173.92,165.15,176.53,153.07
2025-11-28 22:07:36,173.86,164.31,174.64,153.07
2025-11-28 23:08:02,173.85,163.76,174.47,153.07
2025-11-29 00:24:18,173.89,164.53,175.93,153.4
2025-11-29 01:35:41,173.86,164.49,175.0,153.4
2025-11-29 02:37:27,173.85,163.76,174.6,153.4
2025-11-29 03:28:00,173.89,164.53,176.06,153.4
2025-11-29 04:09:02,173.86,164.53,175.93,153.4
2025-11-29 05:07:55,173.89,164.59,176.53,153.4
2025-11-29 06:10:04,173.89,165.04,176.14,153.4
2025-11-29 07:07:48,173.89,165.15,176.53,153.4
2025-11-29 08:09:22,173.89,164.69,176.12,153.4
2025-11-29 09:08:04,173.89,165.29,176.53,153.4
2025-11-29 10:08:19,173.89,165.9,176.53,153.4
2025-11-29 11:07:25,173.86,164.69,174.98,153.4
2025-11-29 12:11:05,173.89,165.79,176.53,153.4
2025-11-29 13:14:01,173.89,165.99,176.53,153.4
2025-11-29 14:07:21,173.86,165.11,175.77,153.4
2025-11-29 15:07:29,173.86,164.62,176.12,153.4
2025-11-29 16:08:24,173.89,165.15,176.53,153.4
2025-11-29 17:07:43,173.89,165.74,176.53,153.4
2025-11-29 18:09:45,173.92,166.55,176.53,153.4
2025-11-29 19:07:36,173.89,165.9,176.01,153.4
2025-11-29 20:08:02,173.89,165.0,175.72,153.4
2025-11-29 21:07:32,173.89,165.0,176.06,153.4
2025-11-29 22:07:45,174.03,165.99,176.53,153.4
2025-11-29 23:08:06,173.89,165.99,176.51,153.4
2025-11-30 00:27:52,173.89,165.0,176.01,153.4
2025-11-30 01:36:54,173.89,164.72,176.53,153.4
2025-11-30 02:44:44,173.89,164.53,174.7,153.56
2025-11-30 03:35:40,173.89,165.19,176.53,153.56
2025-11-30 04:18:32,173.89,165.0,176.14,153.56
2025-11-30 05:08:26,173.86,164.77,174.79,153.56
2025-11-30 06:10:38,174.03,166.55,176.54,153.56
2025-11-30 07:08:08,173.89,165.92,175.93,153.56
2025-11-30 08:09:13,174.01,166.55,176.54,153.56
2025-11-30 08:49:46,173.6,173.0,173.85,153.56
2025-11-30 09:08:39,173.58,173.0,173.84,153.56
2025-11-30 09:56:58,173.6,173.0,173.85,153.56
2025-11-30 10:08:45,173.7,173.0,173.89,153.56
2025-11-30 11:08:26,173.58,173.0,173.85,153.56
2025-11-30 12:11:54,173.58,173.0,173.84,153.56
2025-11-30 13:14:18,173.58,173.0,173.85,153.56
2025-11-30 13:41:40,173.68,173.0,173.89,153.56
2025-11-30 14:08:26,173.61,173.0,173.86,153.56
2025-11-30 15:08:39,173.58,173.0,173.85,153.56
2025-11-30 16:09:20,173.7,173.0,173.89,153.56
2025-11-30 17:08:33,173.58,173.0,173.85,153.56
2025-11-30 18:10:39,173.79,173.1,174.05,153.56
2025-11-30 19:08:33,173.71,173.1,173.9,153.56
2025-11-30 20:09:28,173.58,172.14,173.83,153.56
2025-11-30 21:08:37,173.58,172.14,173.83,153.56
2025-11-30 22:08:47,173.58,172.15,173.83,153.56
2025-11-30 23:08:47,173.58,172.16,173.83,153.56
2025-12-01 00:31:03,173.68,173.11,173.86,153.56
2025-12-01 01:38:46,173.67,173.02,173.85,153.34
2025-12-01 02:53:40,173.67,173.0,173.85,153.34
2025-12-01 03:40:37,173.68,173.1,173.86,153.34
2025-12-01 04:28:29,173.7,173.12,173.89,153.34
2025-12-01 05:15:31,173.67,173.1,173.85,153.34
2025-12-01 06:12:33,173.71,173.12,174.05,153.34
2025-12-01 07:11:20,173.68,173.21,173.89,153.34
2025-12-01 08:12:11,173.68,173.24,173.86,153.34
2025-12-01 09:12:34,173.65,173.1,173.85,153.34
2025-12-01 10:10:29,173.68,173.11,173.89,153.34
2025-12-01 11:09:11,173.69,173.14,173.9,153.34
2025-12-01 12:13:27,173.7,173.15,173.87,153.34
2025-12-01 13:20:10,173.82,173.2,174.09,153.34
2025-12-01 14:10:01,173.81,173.01,174.18,153.34
2025-12-01 15:09:28,173.78,173.01,174.06,153.34
2025-12-01 16:11:06,173.7,173.1,174.17,153.34
2025-12-01 17:10:43,173.7,173.12,174.14,153.34
2025-12-01 18:11:52,173.64,172.86,174.11,153.34
2025-12-01 19:11:12,173.76,172.86,174.17,153.34
2025-12-01 20:09:41,173.83,173.22,174.11,153.34
2025-12-01 21:08:48,173.83,173.25,174.14,153.34
2025-12-01 22:08:59,173.97,173.43,174.17,153.34
2025-12-01 23:09:00,173.84,173.29,174.17,153.34
2025-12-02 00:26:20,173.85,173.34,174.17,153.34
2025-12-02 01:37:21,173.84,173.25,174.16,151.06
2025-12-02 02:40:52,173.84,173.26,174.17,151.06
2025-12-02 03:33:29,173.83,173.1,175.3,151.06
2025-12-02 04:15:32,174.12,173.26,175.51,151.06
2025-12-02 05:09:26,174.68,173.36,175.51,151.06
2025-12-02 06:12:11,175.26,173.36,175.51,151.06
2025-12-02 07:11:02,175.19,173.43,175.51,151.06
2025-12-02 08:11:11,175.0,173.36,175.51,151.06
2025-12-02 09:12:04,175.08,173.35,175.51,151.06
2025-12-02 10:09:51,175.06,173.35,175.51,151.06
2025-12-02 11:09:31,175.19,173.36,175.51,151.06
2025-12-02 12:13:47,175.31,173.36,175.51,151.06
2025-12-02 13:20:06,174.93,173.26,175.51,151.06
2025-12-02 13:49:55,174.25,172.92,175.51,151.06
2025-12-02 14:10:05,174.27,173.0,175.51,151.06
2025-12-02 15:09:41,174.31,173.1,175.51,151.06
2025-12-02 16:11:00,174.87,173.36,175.51,151.06
2025-12-02 17:11:43,174.28,173.01,175.51,151.06
2025-12-02 18:11:53,174.26,173.0,175.51,151.06
2025-12-02 19:09:39,174.99,173.47,175.51,151.06
2025-12-02 20:09:40,174.17,173.0,175.5,151.06
2025-12-02 21:09:19,174.16,173.06,175.49,151.06
2025-12-02 22:09:08,174.28,173.35,175.51,151.06
2025-12-02 23:08:49,174.88,173.56,175.51,151.06
2025-12-03 00:25:46,174.9,173.57,175.51,151.06
2025-12-03 01:37:05,174.72,173.48,175.51,153.91
2025-12-03 02:40:34,174.26,173.24,175.51,153.91
2025-12-03 03:32:27,174.26,173.24,175.51,153.91
2025-12-03 04:14:10,174.26,173.28,175.51,153.91
2025-12-03 05:09:10,175.02,173.56,175.51,153.91
2025-12-03 06:11:52,174.79,173.49,175.51,153.91
2025-12-03 07:10:27,175.0,173.58,175.51,153.91
2025-12-03 08:11:06,174.88,173.58,175.51,153.91
2025-12-03 09:11:55,175.01,173.58,175.51,153.91
2025-12-03 10:09:54,175.22,173.82,175.51,153.91
2025-12-03 11:09:35,174.56,173.56,175.51,153.91
2025-12-03 12:13:34,174.29,173.5,175.51,153.91
2025-12-03 13:20:13,174.63,173.5,175.51,153.91
2025-12-03 14:10:10,174.62,173.11,175.51,153.91
2025-12-03 15:09:53,174.62,173.55,175.51,153.91
2025-12-03 16:11:24,174.65,173.61,175.51,153.91
2025-12-03 17:11:15,174.51,173.24,175.51,153.91
2025-12-03 18:11:42,174.38,173.46,175.51,153.91
2025-12-03 19:09:19,174.91,173.31,175.51,153.91
2025-12-03 20:09:35,175.22,173.82,175.51,153.91
2025-12-03 21:09:13,175.3,173.97,175.51,153.91
2025-12-03 22:09:24,175.3,174.05,175.51,153.91
2025-12-03 23:08:23,175.13,173.76,175.51,153.91
2025-12-04 00:26:42,175.19,173.6,175.51,153.91
2025-12-04 01:37:34,175.08,173.56,175.51,153.91
2025-12-04 02:40:35,175.01,173.55,175.51,153.57
2025-12-04 03:34:16,175.07,173.55,175.51,153.57
2025-12-04 04:15:26,175.07,173.56,175.51,153.57
2025-12-04 05:09:59,175.02,173.5,175.51,153.57
2025-12-04 06:12:09,174.84,173.47,175.51,153.57
2025-12-04 07:10:29,175.08,173.68,175.51,153.57
2025-12-04 08:11:55,175.01,173.58,175.51,153.57
2025-12-04 09:11:55,175.23,173.86,175.51,153.57
2025-12-04 10:10:09,175.26,173.97,175.51,153.57
2025-12-04 11:09:19,175.22,173.86,175.51,153.57
2025-12-04 12:13:28,175.08,173.71,175.51,153.57
2025-12-04 13:20:39,175.9,173.82,175.93,153.57
2025-12-04 14:10:00,175.12,173.28,175.92,153.57
2025-12-04 15:10:37,175.9,173.49,175.93,153.57
2025-12-04 16:10:59,175.91,173.6,175.93,153.57
2025-12-04 17:12:07,175.53,173.7,175.93,153.57
2025-12-04 18:12:08,175.52,173.47,175.92,153.57
2025-12-04 19:09:45,175.91,174.01,175.93,153.57
2025-12-04 20:09:36,175.91,174.03,175.93,153.57
2025-12-04 21:09:05,175.53,173.59,175.92,153.57
2025-12-04 22:08:40,175.88,174.02,175.93,153.57
2025-12-04 23:08:46,175.53,173.96,175.93,153.57
2025-12-05 00:26:40,175.53,174.0,175.93,153.57
2025-12-05 01:37:47,175.53,173.77,175.93,153.36
2025-12-05 02:40:57,175.9,173.56,176.28,153.36
2025-12-05 03:33:44,175.92,173.61,176.28,153.36
2025-12-05 04:14:48,175.92,173.83,176.28,153.36
2025-12-05 05:10:17,175.92,173.83,176.28,153.36
2025-12-05 06:12:04,176.28,173.91,176.29,153.36
2025-12-05 07:10:20,176.24,174.04,176.28,153.36
2025-12-05 08:11:06,176.28,174.01,176.28,153.36
2025-12-05 09:10:34,176.24,174.02,176.28,153.36
2025-12-05 10:09:26,176.28,173.99,176.28,153.36
2025-12-05 11:09:36,176.28,174.05,176.28,153.36
2025-12-05 12:13:13,176.28,174.02,176.28,153.36
2025-12-05 13:17:56,176.25,173.82,176.28,153.36
2025-12-05 14:09:24,176.24,173.3,176.28,153.36
2025-12-05 14:36:24,176.04,173.26,176.28,153.36
2025-12-05 15:15:11,175.0,164.38,177.68,153.36
2025-12-05 16:17:01,176.27,173.83,176.28,153.36
2025-12-05 17:20:21,176.27,174.24,176.28,153.36
2025-12-05 18:19:37,176.27,174.27,176.28,153.36
2025-12-05 18:38:09,155.0,147.51,168.32,153.36
2025-12-05 19:08:29,155.6,150.31,169.17,153.36
2025-12-05 20:09:15,169.12,156.13,169.22,153.36
2025-12-05 21:08:35,169.13,158.0,169.22,153.36
2025-12-05 22:08:36,158.0,149.4,169.22,153.36
2025-12-05 23:08:48,158.0,142.89,169.22,153.36
2025-12-06 00:24:50,155.5,150.35,164.4,154.13
2025-12-06 01:36:23,155.6,153.93,167.85,154.13
2025-12-06 02:37:52,154.0,146.51,160.53,154.13
2025-12-06 03:27:03,155.5,148.5,169.14,154.13
2025-12-06 04:09:25,155.6,150.0,169.2,154.13
2025-12-06 05:08:28,159.83,150.35,169.17,154.13
2025-12-06 06:10:18,155.6,150.01,169.16,154.13
2025-12-06 07:08:33,159.83,150.66,169.21,154.13
2025-12-06 08:09:37,156.8,150.46,169.11,154.13
2025-12-06 09:08:32,159.79,151.85,169.17,154.13
2025-12-06 10:08:26,159.72,151.85,169.17,154.13
2025-12-06 11:08:11,155.6,150.66,169.12,154.13
2025-12-06 12:11:23,159.72,153.9,169.21,154.13
2025-12-06 13:14:18,158.0,152.8,169.14,154.13
2025-12-06 14:08:04,155.6,150.66,169.12,154.13
2025-12-06 15:08:14,155.5,150.15,169.05,154.13
2025-12-06 16:08:55,158.0,150.61,169.14,154.13
2025-12-06 17:08:06,158.0,150.61,169.14,154.13
2025-12-06 18:10:04,158.0,150.31,169.06,154.13
2025-12-06 19:07:54,167.5,150.61,169.06,154.13
2025-12-06 20:08:44,158.0,150.61,169.06,154.13
2025-12-06 21:08:10,169.02,155.06,169.22,154.13
2025-12-06 22:08:16,169.0,155.0,169.22,154.13
2025-12-06 23:08:22,158.0,155.05,169.05,154.13
2025-12-07 00:28:32,169.01,155.07,169.22,153.65
2025-12-07 01:37:23,165.15,155.12,169.05,153.65
2025-12-07 02:47:38,155.6,150.7,169.01,153.65
2025-12-07 03:36:18,169.02,159.74,169.2,153.65
2025-12-07 04:18:58,169.04,158.71,169.22,153.65
2025-12-07 05:08:30,169.04,160.13,169.22,153.65
2025-12-07 06:10:46,160.0,150.7,169.12,153.65
2025-12-07 07:08:33,157.67,150.46,169.07,153.65
2025-12-07 08:09:39,159.74,150.66,169.04,153.65
2025-12-07 09:08:22,160.0,150.7,169.04,153.65
2025-12-07 10:08:22,163.88,155.0,169.05,153.65
2025-12-07 11:08:02,159.74,155.0,169.04,153.65
2025-12-07 12:11:23,157.67,154.03,169.04,153.65
2025-12-07 13:13:21,159.74,155.0,169.04,153.65
2025-12-07 14:08:18,155.6,150.92,169.04,153.65
2025-12-07 15:07:51,155.55,150.66,169.03,153.65
2025-12-07 16:08:46,159.74,151.14,169.04,153.65
2025-12-07 17:08:05,168.25,155.0,169.09,153.65
2025-12-07 18:10:01,159.74,152.8,169.04,153.65
2025-12-07 19:07:54,169.01,151.16,169.18,153.65
2025-12-07 20:08:50,169.0,153.36,169.18,153.65
2025-12-07 22:08:15,163.5,153.37,169.05,153.65
2025-12-07 23:08:14,169.0,155.09,169.05,153.65
2025-12-08 00:26:51,169.0,155.12,169.05,153.69
2025-12-08 01:37:25,157.93,152.1,169.06,153.69
2025-12-08 02:41:07,159.69,150.7,169.02,153.69
2025-12-08 03:35:21,161.24,151.14,169.05,153.69
2025-12-08 04:17:12,168.99,155.12,169.21,153.69
2025-12-08 05:10:29,168.99,155.6,169.22,153.69
2025-12-08 06:12:42,168.99,150.7,169.22,153.69
2025-12-08 07:11:35,168.99,155.0,169.22,153.69
2025-12-08 08:11:46,159.69,150.61,169.02,153.69
2025-12-08 09:12:20,157.65,150.63,169.01,153.69
2025-12-08 10:10:01,155.6,150.66,169.01,153.69
2025-12-08 11:09:01,155.6,150.68,169.01,153.69
2025-12-08 12:13:00,155.57,150.63,169.0,153.69
2025-12-08 13:19:41,155.32,150.0,169.06,153.69
2025-12-08 14:09:29,155.56,150.69,169.23,153.69
2025-12-08 15:09:23,155.5,150.03,169.16,153.69
2025-12-08 16:10:14,155.53,150.63,169.22,153.69
2025-12-08 17:10:17,155.5,150.0,169.22,153.69
2025-12-08 18:11:10,155.5,150.16,169.22,153.69
2025-12-08 19:08:21,155.51,150.66,169.22,153.69
2025-12-08 20:09:49,155.5,147.15,169.16,153.69
2025-12-08 21:08:53,169.02,155.41,169.25,153.69
2025-12-08 22:08:38,169.06,155.51,169.29,153.69
2025-12-08 23:08:27,169.0,155.5,169.2,153.69
2025-12-09 00:26:09,169.22,169.0,169.4,154.1
2025-12-09 01:37:01,155.6,150.7,169.07,154.1
2025-12-09 02:40:32,155.6,150.7,168.43,154.1
2025-12-09 03:32:56,159.13,150.92,169.01,154.1
2025-12-09 04:14:00,157.37,150.7,169.01,154.1
2025-12-09 05:10:08,155.6,150.7,169.02,154.1
2025-12-09 06:11:39,159.13,150.7,169.12,154.1
2025-12-09 07:10:10,160.47,151.03,169.22,154.1
2025-12-09 08:11:39,160.26,150.71,169.23,154.1
2025-12-09 09:10:55,160.25,150.7,169.22,154.1
2025-12-09 10:10:27,155.0,145.01,158.56,154.1
2025-12-09 11:08:56,155.0,150.0,168.4,154.1
2025-12-09 12:13:12,155.0,147.51,165.31,154.1
2025-12-09 13:19:59,155.0,150.0,168.4,154.1
2025-12-09 14:09:33,155.0,150.0,165.31,154.1
2025-12-09 15:09:39,155.23,150.01,167.86,154.1
2025-12-09 16:10:29,155.0,147.51,165.04,154.1
2025-12-09 17:10:07,155.55,150.61,168.4,154.1
2025-12-09 18:10:22,158.0,150.01,168.4,154.1
2025-12-09 19:08:24,158.0,150.31,168.4,154.1
2025-12-09 20:09:06,155.5,147.66,168.68,154.1
2025-12-09 21:08:43,155.51,154.61,168.68,154.1
2025-12-09 22:09:03,155.25,151.35,160.74,154.1
2025-12-09 23:08:43,156.75,151.94,168.97,154.1
2025-12-10 00:26:51,155.51,155.0,159.65,154.09
2025-12-10 01:37:46,151.14,145.0,155.6,154.09
2025-12-10 02:41:34,155.25,150.18,161.97,154.09
2025-12-10 03:35:21,155.25,150.18,161.97,154.09
2025-12-10 04:17:04,155.55,150.01,168.95,154.09
2025-12-10 05:10:10,155.55,150.0,168.95,154.09
2025-12-10 06:11:47,155.25,149.25,167.4,154.09
2025-12-10 07:10:46,155.57,150.01,168.95,154.09
2025-12-10 08:10:52,155.0,146.0,168.95,154.09
2025-12-10 09:11:52,155.25,145.76,168.95,154.09
2025-12-10 10:09:45,155.6,150.61,168.95,154.09
2025-12-10 11:09:01,155.23,150.31,168.95,154.09
2025-12-10 12:13:14,155.51,150.66,168.95,154.09
2025-12-10 13:20:36,155.37,150.16,168.95,154.09
2025-12-10 14:10:04,155.23,150.01,168.95,154.09
2025-12-10 15:10:42,155.51,150.63,168.95,154.09
2025-12-10 16:11:05,155.52,150.66,168.95,154.09
2025-12-10 17:10:49,155.5,150.16,168.95,154.09
2025-12-10 17:15:50,155.5,150.46,168.95,154.09
2025-12-10 17:56:04,155.56,150.46,168.95,154.09
2025-12-10 18:10:14,159.65,154.22,168.95,154.09
2025-12-10 19:07:44,156.0,154.22,168.95,154.09
2025-12-10 19:43:18,157.0,153.9,168.95,154.09
2025-12-10 19:53:23,155.5,148.31,168.95,154.09
2025-12-10 19:55:29,155.5,148.31,168.95,154.09
2025-12-10 20:20:05,176.04,175.06,176.28,154.09
2025-12-10 20:30:16,175.7,175.01,176.28,154.09
2025-12-10 20:48:21,175.91,175.02,176.28,154.09
2025-12-10 21:06:43,175.69,174.8,176.28,154.09
2025-12-10 21:21:39,175.69,174.84,176.28,154.09
2025-12-10 21:34:10,175.69,174.85,176.28,154.09
2025-12-10 21:50:42,175.69,174.71,176.28,154.09
2025-12-10 22:21:38,175.7,175.0,176.28,154.09
2025-12-10 22:55:08,175.76,174.8,176.28,154.09
2025-12-10 23:26:27,175.69,174.81,176.28,154.09
2025-12-10 23:58:45,175.7,174.8,176.28,154.09
2025-12-11 00:14:30,175.7,174.8,176.28,154.68
2025-12-11 00:50:30,175.69,174.8,176.28,154.68
2025-12-11 01:16:19,175.69,174.8,176.28,154.68
2025-12-11 01:56:12,175.69,174.85,176.28,154.68
2025-12-11 02:39:43,175.69,174.68,176.28,154.68
2025-12-11 03:17:19,175.7,174.78,176.28,154.68
2025-12-11 03:51:10,175.92,174.78,176.28,154.68
2025-12-11 04:13:14,175.91,174.78,176.28,154.68
2025-12-11 04:35:42,175.9,174.68,176.28,154.68
2025-12-11 04:45:52,175.72,174.69,176.28,154.68
2025-12-11 05:03:12,176.03,174.8,176.28,154.68
2025-12-11 05:24:22,176.0,174.76,176.28,154.68
2025-12-11 05:52:18,175.93,174.83,176.28,154.68
2025-12-11 06:10:25,175.7,174.83,176.28,154.68
2025-12-11 06:24:08,175.7,174.79,176.28,154.68
2025-12-11 06:42:05,175.7,174.71,176.28,154.68
2025-12-11 06:58:22,176.09,174.75,176.28,154.68
2025-12-11 07:23:47,175.7,174.68,176.28,154.68
2025-12-11 07:38:37,175.7,174.68,176.28,154.68
2025-12-11 08:16:12,176.27,174.84,176.29,154.68
2025-12-11 08:28:28,176.1,174.78,176.29,154.68
2025-12-11 08:44:10,175.7,174.69,176.28,154.68
2025-12-11 09:10:15,175.7,174.68,176.28,154.68
2025-12-11 09:30:14,175.7,174.69,176.28,154.68
2025-12-11 09:43:17,176.03,174.69,176.28,154.68
2025-12-11 09:54:51,175.83,174.69,176.28,154.68
2025-12-11 10:19:19,175.7,174.68,176.28,154.68
2025-12-11 10:31:35,176.2,174.81,176.29,154.68
2025-12-11 10:44:04,176.1,174.78,176.29,154.68
2025-12-11 10:59:40,176.28,175.7,176.29,154.68
2025-12-11 11:03:22,177.0,172.5,178.76,154.68
2025-12-11 11:12:31,177.0,172.5,178.76,154.68
2025-12-11 11:23:51,177.0,172.5,178.76,154.68
2025-12-11 11:33:26,177.0,172.5,178.76,154.68
2025-12-11 11:41:37,177.0,172.5,178.76,154.68
2025-12-11 11:48:58,177.0,172.5,178.76,154.68
2025-12-11 11:55:19,177.0,172.5,178.76,154.68
2025-12-11 12:01:13,177.0,172.5,178.76,154.68
2025-12-11 12:18:58,177.01,175.22,178.76,154.68
2025-12-11 12:34:49,177.01,175.22,178.76,154.68
2025-12-11 12:56:45,177.68,175.79,178.76,154.68
2025-12-11 13:15:23,177.01,172.5,178.76,154.68
2025-12-11 13:32:07,177.68,175.79,178.76,154.68
2025-12-11 13:49:55,164.13,163.23,176.45,154.68
2025-12-11 14:01:09,164.5,163.24,176.62,154.68
2025-12-11 14:13:02,164.52,163.28,176.69,154.68
2025-12-11 14:25:01,164.53,163.39,176.75,154.68
2025-12-11 14:37:16,164.66,163.49,176.78,154.68
2025-12-11 14:46:52,176.36,164.53,177.0,154.68
2025-12-11 14:55:12,176.45,164.53,177.0,154.68
2025-12-11 15:02:08,176.54,164.53,177.31,154.68
2025-12-11 15:13:14,176.7,164.58,177.81,154.68
2025-12-11 15:25:33,176.7,164.58,177.81,154.68
2025-12-11 15:39:26,176.65,164.6,178.0,154.68
2025-12-11 15:50:25,176.65,164.6,178.0,154.68
2025-12-11 15:59:30,177.75,176.28,178.76,154.68
2025-12-11 16:10:08,177.68,176.32,178.76,154.68
2025-12-11 16:22:10,177.01,175.22,178.76,154.68
2025-12-11 16:38:13,177.61,175.22,178.76,154.68
2025-12-11 16:53:04,177.01,170.94,178.76,154.68
2025-12-11 17:04:03,177.61,175.22,178.76,154.68
2025-12-11 17:21:27,177.01,170.94,178.76,154.68
2025-12-11 17:29:38,177.01,170.94,178.76,154.68
2025-12-11 17:36:30,178.35,176.29,179.68,154.68
2025-12-11 17:45:15,178.35,176.29,179.68,154.68
2025-12-11 18:10:38,178.5,176.51,179.7,154.68
2025-12-11 19:09:29,177.0,166.99,179.48,154.68
2025-12-11 20:10:04,178.29,176.29,179.67,154.68
2025-12-11 21:09:34,177.91,176.0,179.33,154.68
2025-12-11 22:09:00,177.2,175.55,179.0,154.68
2025-12-11 23:09:12,177.06,175.0,178.95,154.68
2025-12-12 00:30:28,176.89,165.99,178.76,154.68
2025-12-12 01:44:51,175.7,175.0,176.28,154.68
2025-12-12 02:48:57,176.88,166.09,178.76,154.68
2025-12-12 03:42:10,177.51,175.0,179.1,154.68
2025-12-12 04:25:34,175.92,175.17,176.29,154.68
2025-12-12 05:18:16,178.43,176.29,179.77,154.68
2025-12-12 06:16:46,178.64,176.29,180.5,154.68
2025-12-12 07:15:29,178.76,176.29,181.1,154.68
2025-12-12 08:17:42,176.28,175.22,178.1,154.68
2025-12-12 09:17:25,176.27,175.23,177.65,154.68
2025-12-12 10:12:40,178.53,176.29,179.7,154.68
2025-12-12 11:11:40,178.6,176.29,179.7,154.68
2025-12-12 12:20:39,176.28,175.3,178.03,154.68
2025-12-12 13:23:32,178.0,175.0,180.21,154.68
2025-12-12 14:15:26,178.24,175.65,180.42,154.68
2025-12-12 15:13:33,178.35,176.29,181.71,154.68
2025-12-12 15:39:26,178.76,176.29,180.49,154.68
2025-12-12 16:14:03,178.88,176.29,180.36,154.68
2025-12-12 17:16:03,178.6,176.29,179.77,154.68
2025-12-12 18:14:55,178.76,176.29,181.41,154.68
2025-12-12 19:11:58,178.76,176.29,180.04,154.68
2025-12-12 20:15:48,178.36,175.86,181.01,154.68
2025-12-12 21:14:32,178.26,165.12,180.01,154.68
2025-12-12 22:17:23,175.7,175.21,176.28,154.68
2025-12-12 23:11:46,178.6,176.29,179.37,154.68
2025-12-13 00:35:52,175.7,175.15,176.28,154.99
2025-12-13 01:44:22,178.31,165.72,178.98,154.99
2025-12-13 02:46:48,175.69,175.05,176.28,154.99
2025-12-13 03:34:01,178.03,165.58,178.97,154.99
2025-12-13 04:17:01,175.92,175.23,176.29,154.99
2025-12-13 05:12:50,178.76,176.29,181.89,154.99
2025-12-13 06:17:17,178.98,176.76,180.74,154.99
2025-12-13 07:16:08,176.1,175.29,176.29,154.99
2025-12-13 08:16:59,178.98,177.0,181.92,154.99
2025-12-13 09:11:43,178.98,177.0,182.1,154.99
2025-12-13 10:11:29,176.27,175.29,178.6,154.99
2025-12-13 11:14:12,178.6,176.2,179.0,154.99
2025-12-13 12:20:32,176.27,175.29,178.6,154.99
2025-12-13 13:20:22,178.97,176.58,182.88,154.99
2025-12-13 14:12:21,176.27,175.4,178.65,154.99
2025-12-13 15:14:11,178.65,176.29,179.0,154.99
2025-12-13 16:14:07,178.98,177.81,182.59,154.99
2025-12-13 17:10:15,178.77,176.29,179.44,154.99
2025-12-13 18:18:44,176.28,175.49,178.76,154.99
2025-12-13 19:10:45,179.0,178.3,181.47,154.99
2025-12-13 20:12:42,178.65,176.29,179.21,154.99
2025-12-13 21:15:57,176.01,175.39,176.81,154.99
2025-12-13 22:12:30,178.6,175.65,178.98,154.99
2025-12-13 23:14:24,175.9,175.4,176.28,154.99
2025-12-14 00:37:48,175.92,175.39,176.29,154.08
2025-12-14 01:44:49,178.76,175.79,179.56,154.08
2025-12-14 02:53:28,178.76,176.29,180.24,154.08
2025-12-14 03:44:31,175.9,175.41,176.29,154.08
2025-12-14 04:26:28,178.97,176.29,181.96,154.08
2025-12-14 05:15:47,178.98,176.5,181.0,154.08
2025-12-14 06:14:57,178.97,176.29,182.38,154.08
2025-12-14 07:15:39,178.97,176.29,181.75,154.08
2025-12-14 08:14:02,178.97,176.29,179.64,154.08
2025-12-14 09:15:41,178.98,176.78,181.05,154.08
2025-12-14 10:15:26,178.98,176.78,182.93,154.08
2025-12-14 11:11:28,179.0,177.81,181.55,154.08
2025-12-14 12:16:56,178.98,177.9,182.91,154.08
2025-12-14 13:16:56,178.9,176.29,179.0,154.08
2025-12-14 14:14:35,178.97,176.29,179.68,154.08
2025-12-14 15:10:01,178.98,177.5,181.07,154.08
2025-12-14 16:14:49,178.98,176.81,182.79,154.08
2025-12-14 17:08:50,178.97,176.31,179.93,154.08
2025-12-14 18:17:13,178.98,176.58,180.18,154.08
2025-12-14 19:13:01,178.98,176.77,183.07,154.08
2025-12-14 20:16:34,178.97,176.5,183.0,154.08
2025-12-14 21:15:23,176.12,175.64,177.62,154.08
2025-12-14 22:10:53,175.96,175.52,176.28,154.08
2025-12-14 23:14:52,178.52,172.45,179.0,154.08
2025-12-15 00:38:53,175.95,175.49,176.28,154.89
2025-12-15 01:45:25,175.95,175.5,176.28,154.89
2025-12-15 02:48:41,178.65,175.44,179.0,154.89
2025-12-15 03:48:09,176.03,175.64,176.29,154.89
2025-12-15 04:31:36,176.04,175.64,176.29,154.89
2025-12-15 05:17:16,178.98,178.0,181.88,154.89
2025-12-15 06:17:04,178.98,177.54,181.78,154.89
2025-12-15 07:19:19,178.98,177.6,181.5,154.89
2025-12-15 08:18:28,178.98,177.6,181.68,154.89
2025-12-15 09:17:50,178.98,178.01,183.79,154.89
2025-12-15 10:18:57,176.28,176.0,178.97,154.89
2025-12-15 11:15:13,178.98,177.63,181.05,154.89
2025-12-15 12:21:20,176.18,175.94,176.91,154.89
2025-12-15 13:26:32,177.57,164.53,180.72,154.89
2025-12-15 14:14:02,178.16,170.58,182.18,154.89
2025-12-15 15:13:09,178.14,165.0,183.69,154.89
2025-12-15 16:16:26,178.53,176.25,182.72,154.89
2025-12-15 17:15:33,178.49,165.99,183.5,154.89
2025-12-15 18:20:18,178.5,175.64,180.01,154.89
2025-12-15 19:15:26,178.51,175.68,180.02,154.89
2025-12-15 20:12:23,180.02,175.25,181.28,154.89
2025-12-15 21:17:11,178.51,175.64,180.01,154.89
2025-12-15 22:17:33,178.16,175.27,180.01,154.89
2025-12-15 23:15:15,179.33,172.31,180.02,154.89
2025-12-16 00:36:31,179.0,165.15,180.02,154.71
2025-12-16 01:45:37,178.19,175.31,180.01,154.71
2025-12-16 02:51:32,178.21,175.52,180.02,154.71
2025-12-16 03:43:07,178.52,176.69,182.07,154.71
2025-12-16 04:25:33,178.54,178.04,183.11,154.71
2025-12-16 05:14:53,179.96,176.03,180.03,154.71
2025-12-16 06:17:04,180.04,178.02,182.71,154.71
2025-12-16 07:18:56,180.04,178.27,183.01,154.71
2025-12-16 08:13:53,178.54,177.93,181.18,154.71
2025-12-16 09:20:30,180.02,176.29,180.03,154.71
2025-12-16 10:17:29,180.03,176.3,180.05,154.71
2025-12-16 11:16:04,180.02,176.29,180.03,154.71
2025-12-16 12:18:52,180.04,178.5,182.55,154.71
2025-12-16 13:27:51,179.31,175.5,180.04,154.71
2025-12-16 14:12:22,181.02,176.97,183.12,154.71
2025-12-16 15:19:01,179.36,175.11,181.51,154.71
2025-12-16 16:17:16,180.92,178.54,183.03,154.71
2025-12-16 17:14:59,182.02,178.78,183.72,154.71
2025-12-16 18:20:50,180.02,175.01,183.01,154.71
2025-12-16 19:14:41,182.39,178.8,183.87,154.71
2025-12-16 20:18:22,178.79,174.87,181.97,154.71
2025-12-16 21:15:04,181.35,178.78,183.53,154.71
2025-12-16 22:12:38,178.02,173.58,180.04,154.71
2025-12-16 23:11:48,180.11,178.45,182.94,154.71
2025-12-17 00:31:34,180.3,178.44,182.88,154.33
2025-12-17 01:41:32,180.08,165.92,182.7,154.33
2025-12-17 02:48:15,178.1,173.62,180.04,154.33
2025-12-17 03:37:20,181.02,177.69,183.28,154.33
2025-12-17 04:20:59,182.2,178.79,183.87,154.33
2025-12-17 05:17:25,182.52,178.78,184.91,154.33
2025-12-17 06:19:54,179.06,175.38,182.44,154.33
2025-12-17 07:18:35,180.05,176.13,183.28,154.33
2025-12-17 08:17:33,182.65,178.8,183.54,154.33
2025-12-17 09:21:25,180.06,176.21,183.41,154.33
2025-12-17 10:14:36,183.24,179.02,185.04,154.33
2025-12-17 11:17:09,183.24,179.16,184.99,154.33
2025-12-17 12:20:15,183.39,179.01,185.11,154.33
2025-12-17 13:24:09,183.23,179.02,184.65,154.33
2025-12-17 14:12:58,183.04,178.82,183.93,154.33
2025-12-17 15:12:49,183.42,180.02,184.99,154.33
2025-12-17 16:18:12,180.07,175.92,183.43,154.33
2025-12-17 17:19:11,180.04,175.44,183.05,154.33
2025-12-17 18:20:02,180.05,175.24,183.12,154.33
2025-12-17 19:13:06,182.55,178.88,183.57,154.33
2025-12-17 20:17:15,179.34,174.04,182.94,154.33
2025-12-17 21:15:03,181.53,178.79,183.08,154.33
2025-12-17 22:17:58,178.29,173.14,181.65,154.33
2025-12-17 23:14:35,181.69,178.89,183.29,154.33
2025-12-18 00:31:56,181.03,178.8,183.03,154.55
2025-12-18 01:43:47,181.04,178.8,183.05,154.55
2025-12-18 02:49:30,176.32,173.04,180.2,154.55
2025-12-18 03:43:26,178.18,173.14,181.66,154.55
2025-12-18 04:20:54,182.07,178.58,183.33,154.55
2025-12-18 05:17:58,183.11,179.32,183.82,154.55
2025-12-18 06:15:43,183.07,179.04,183.64,154.55
2025-12-18 07:13:25,183.07,179.1,183.61,154.55
2025-12-18 08:15:39,183.37,182.43,184.87,154.55
2025-12-18 09:16:16,183.23,181.07,184.86,154.55
2025-12-18 10:14:58,183.19,180.1,184.86,154.55
2025-12-18 11:11:16,183.37,182.16,184.89,154.55
2025-12-18 12:20:01,183.39,180.08,184.89,154.55
2025-12-18 13:22:34,183.4,182.14,185.04,154.55
2025-12-18 14:14:28,183.56,182.52,185.05,154.55
2025-12-18 15:15:30,183.55,181.34,185.05,154.55
2025-12-18 16:14:29,183.33,180.31,184.75,154.55
2025-12-18 17:15:12,183.54,182.16,185.06,154.55
2025-12-18 18:21:10,180.1,175.08,183.49,154.55
2025-12-18 19:11:20,183.3,181.83,184.98,154.55
2025-12-18 20:15:21,182.94,179.9,183.85,154.55
2025-12-18 21:12:06,182.6,179.77,184.74,154.55
2025-12-18 22:16:39,182.2,179.02,183.98,154.55
2025-12-18 23:18:35,175.94,170.74,182.08,154.55
2025-12-19 00:34:02,175.58,170.4,181.47,154.55
2025-12-19 01:44:36,175.48,170.08,181.18,154.55
2025-12-19 02:50:59,175.59,170.74,181.67,154.55
2025-12-19 03:44:02,176.37,172.39,182.34,154.55
2025-12-19 04:22:06,182.69,179.07,183.99,154.55
2025-12-19 05:15:45,183.09,179.78,184.89,154.55
2025-12-19 06:13:28,182.09,179.07,184.55,154.55
2025-12-19 07:11:15,181.07,178.87,183.88,154.55
2025-12-19 08:17:48,181.06,178.86,183.43,154.55
2025-12-19 09:11:38,181.31,178.62,183.96,154.55
2025-12-19 10:16:08,181.04,178.74,182.11,154.55
2025-12-19 11:11:51,180.97,175.43,181.05,154.55
2025-12-19 12:18:28,183.23,178.84,184.49,154.55
2025-12-19 13:21:41,180.08,177.09,182.28,154.55
2025-12-19 14:18:15,181.02,176.08,181.05,154.55
2025-12-19 15:12:09,182.17,178.81,183.95,154.55
2025-12-19 16:14:57,180.88,175.29,181.02,154.55
2025-12-19 17:15:57,180.9,175.57,181.04,154.55
2025-12-19 18:14:19,181.01,179.03,183.03,154.55
2025-12-19 19:12:39,180.89,176.24,181.03,154.55
2025-12-19 20:11:47,181.04,178.84,182.7,154.55
2025-12-19 21:16:53,180.6,175.27,181.04,154.55
2025-12-19 22:16:29,180.1,174.78,181.04,154.55
2025-12-19 23:17:37,180.13,174.93,181.06,154.55
2025-12-20 00:32:42,181.05,176.14,181.05,154.29
2025-12-20 01:43:44,181.03,176.07,181.03,154.29
2025-12-20 02:47:58,180.08,174.31,181.02,154.29
2025-12-20 03:36:56,181.03,176.88,181.04,154.29
2025-12-20 04:19:07,181.03,178.83,182.79,154.29
2025-12-20 05:13:55,181.03,178.67,181.04,154.29
2025-12-20 06:16:51,181.04,179.06,183.87,154.29
2025-12-20 07:17:04,180.91,176.34,181.03,154.29
2025-12-20 08:13:54,181.02,179.36,183.04,154.29
2025-12-20 09:13:06,181.04,178.86,181.63,154.29
2025-12-20 10:14:52,181.05,179.4,182.99,154.29
2025-12-20 11:16:07,180.9,176.37,181.03,154.29
2025-12-20 12:16:10,181.04,178.89,182.39,154.29
2025-12-20 13:22:00,181.04,179.08,182.87,154.29
2025-12-20 14:12:50,181.02,178.82,181.46,154.29
2025-12-20 15:10:54,181.03,178.88,181.77,154.29
2025-12-20 16:12:30,180.91,178.85,181.07,154.29
2025-12-20 17:15:09,181.03,179.37,182.68,154.29
2025-12-20 18:13:37,181.03,179.37,182.57,154.29
2025-12-20 19:09:39,181.03,179.68,182.61,154.29
2025-12-20 20:11:11,181.04,179.06,183.54,154.29
2025-12-20 21:14:15,180.89,176.48,181.03,154.29
2025-12-20 22:13:51,180.84,176.34,181.02,154.29
2025-12-20 23:10:45,180.84,175.95,181.01,154.29
2025-12-21 00:37:37,180.83,175.42,181.0,153.97
2025-12-21 01:43:36,181.01,178.5,181.55,153.97
2025-12-21 02:53:33,181.02,178.56,181.6,153.97
2025-12-21 03:45:23,180.86,175.45,181.03,153.97
2025-12-21 04:25:06,180.84,175.47,181.0,153.97
2025-12-21 05:17:04,181.02,178.82,182.26,153.97
2025-12-21 06:16:02,181.02,179.17,182.87,153.97
2025-12-21 07:10:28,181.01,178.83,182.18,153.97
2025-12-21 08:15:20,181.02,179.04,183.76,153.97
2025-12-21 09:17:30,180.88,178.18,181.02,153.97
2025-12-21 10:16:07,180.86,178.26,181.03,153.97
2025-12-21 11:12:37,181.09,180.25,183.56,153.97
2025-12-21 12:19:39,181.55,181.01,183.36,153.97
2025-12-21 13:22:38,181.22,180.99,183.49,153.97
2025-12-21 14:16:39,180.83,178.64,181.0,153.97
2025-12-21 15:15:21,180.87,178.83,181.01,153.97
2025-12-21 16:12:37,181.01,179.73,183.9,153.97
2025-12-21 17:10:30,181.55,181.01,183.64,153.97
2025-12-21 18:17:56,180.87,178.82,181.0,153.97
2025-12-21 19:10:03,181.01,180.55,183.25,153.97
2025-12-21 20:13:42,181.11,179.02,182.14,153.97
2025-12-21 21:13:20,180.86,176.31,181.07,153.97
2025-12-21 22:13:03,181.11,178.76,182.1,153.97
2025-12-21 23:15:13,180.86,176.31,181.1,153.97
2025-12-22 00:37:24,180.87,176.32,181.11,154.72
2025-12-22 01:46:43,180.86,176.26,181.05,154.72
2025-12-22 02:54:11,181.12,178.56,182.15,154.72
2025-12-22 03:45:59,181.12,178.55,181.65,154.72
2025-12-22 04:24:42,181.13,178.86,183.57,154.72
2025-12-22 05:15:54,180.88,178.32,181.12,154.72
2025-12-22 06:19:27,180.91,178.81,181.12,154.72
2025-12-22 07:17:30,181.14,180.41,183.81,154.72
2025-12-22 08:18:31,181.15,181.05,184.06,154.72
2025-12-22 09:16:49,181.16,180.62,183.29,154.72
2025-12-22 10:17:58,180.9,178.46,181.23,154.72
2025-12-22 11:13:30,181.13,180.06,183.31,154.72
2025-12-22 12:18:38,181.12,180.39,183.55,154.72
2025-12-22 13:27:21,180.9,176.35,181.14,154.72
2025-12-22 14:12:27,181.14,179.78,183.76,154.72
2025-12-22 15:17:02,181.12,181.02,183.35,154.72
2025-12-22 16:13:19,181.13,181.03,183.67,154.72
2025-12-22 17:14:49,181.13,181.03,183.31,154.72
2025-12-22 18:18:48,180.9,176.35,181.14,154.72
2025-12-22 19:11:12,181.23,181.04,183.62,154.72
2025-12-22 20:15:35,181.13,181.02,183.61,154.72
2025-12-22 21:09:48,181.14,179.05,182.66,154.72
2025-12-22 22:14:28,181.04,178.6,181.72,154.72
2025-12-22 23:11:58,181.12,179.06,182.41,154.72
2025-12-23 00:35:35,180.88,175.09,181.06,154.27
2025-12-23 01:43:57,181.06,178.85,181.61,154.27
2025-12-23 02:46:28,181.06,178.85,181.69,154.27
2025-12-23 03:43:24,181.08,178.86,182.14,154.27
2025-12-23 04:28:11,180.91,175.98,181.17,154.27
2025-12-23 05:15:18,181.19,181.08,183.14,154.27
2025-12-23 06:17:30,181.19,181.08,183.32,154.27
2025-12-23 07:16:58,180.95,176.44,181.19,154.27
2025-12-23 08:18:42,180.94,178.12,181.74,154.27
2025-12-23 09:14:45,180.94,177.36,181.18,154.27
2025-12-23 10:17:08,181.18,181.07,183.8,154.27
2025-12-23 11:11:20,181.18,180.56,182.96,154.27
2025-12-23 12:18:13,181.15,181.04,184.43,154.27
2025-12-23 13:28:11,180.92,178.77,181.74,154.27
2025-12-23 14:13:41,181.59,181.06,183.67,154.27
2025-12-23 15:11:26,181.16,181.05,183.6,154.27
2025-12-23 16:15:56,181.16,181.05,183.79,154.27
2025-12-23 17:17:59,180.89,177.86,181.14,154.27
2025-12-23 18:18:56,181.13,181.02,183.63,154.27
2025-12-23 19:11:55,181.13,181.0,183.56,154.27
2025-12-23 20:13:57,180.87,176.11,181.14,154.27
2025-12-23 21:12:27,180.88,175.48,181.1,154.27
2025-12-23 22:16:40,180.87,175.3,181.06,154.27
2025-12-23 23:10:52,181.14,179.02,182.41,154.27
2025-12-24 00:35:46,180.82,175.2,181.17,154.54
2025-12-24 01:43:45,181.4,178.85,182.16,154.54
2025-12-24 02:49:05,180.81,175.09,181.29,154.54
2025-12-24 03:43:43,180.87,175.47,181.38,154.54
2025-12-24 04:25:30,181.38,180.08,183.07,154.54
2025-12-24 05:17:53,181.4,179.03,182.78,154.54
2025-12-24 06:16:18,181.3,178.98,184.0,154.54
2025-12-24 07:18:04,181.07,176.39,181.42,154.54
2025-12-24 08:17:22,182.12,181.12,184.05,154.54
2025-12-24 09:15:12,181.41,179.27,183.13,154.54
2025-12-24 10:16:16,181.27,178.46,182.1,154.54
2025-12-24 11:15:09,181.39,180.02,184.91,154.54
2025-12-24 12:17:29,182.38,181.28,184.82,154.54
2025-12-24 13:20:37,181.38,180.08,183.48,154.54
2025-12-24 14:16:34,181.78,180.12,184.02,154.54
2025-12-24 15:17:32,181.19,177.77,181.78,154.54
2025-12-24 16:16:14,181.19,178.08,181.38,154.54
2025-12-24 17:11:14,182.28,181.13,184.57,154.54
2025-12-24 18:15:37,182.1,181.1,184.65,154.54
2025-12-24 19:10:29,181.21,179.1,181.4,154.54
2025-12-24 20:16:10,181.2,178.85,181.39,154.54
2025-12-24 21:15:04,181.2,178.45,181.39,154.54
2025-12-24 22:11:22,181.39,178.81,182.59,154.54
2025-12-24 23:17:08,181.04,176.0,181.28,154.54
2025-12-25 00:35:31,181.1,176.26,181.28,154.61
2025-12-25 01:45:06,181.39,178.33,182.42,154.61
2025-12-25 02:50:55,181.38,178.28,182.12,154.61
2025-12-25 03:42:58,181.38,178.82,182.76,154.61
2025-12-25 04:28:59,181.39,179.14,183.84,154.61
2025-12-25 05:15:18,181.39,180.11,184.25,154.61
2025-12-25 06:19:30,181.21,179.04,181.4,154.61
2025-12-25 07:13:22,181.39,180.17,183.85,154.61
2025-12-25 08:17:20,181.4,180.31,183.87,154.61
2025-12-25 09:15:55,181.21,179.12,181.59,154.61
2025-12-25 10:12:30,182.5,181.3,184.7,154.61
2025-12-25 11:10:19,181.19,179.08,181.39,154.61
2025-12-25 12:17:44,182.49,181.37,185.55,154.61
2025-12-25 13:21:19,182.58,181.38,184.62,154.61
2025-12-25 14:10:34,182.24,181.36,184.44,154.61
2025-12-25 15:15:35,181.39,181.09,185.35,154.61
2025-12-25 16:12:55,181.6,180.44,183.97,154.61
2025-12-25 17:12:40,182.3,181.41,185.4,154.61
2025-12-25 18:17:35,181.41,180.45,183.91,154.61
2025-12-25 19:14:17,181.4,179.5,183.54,154.61
2025-12-25 20:15:49,181.51,181.3,184.69,154.61
2025-12-25 21:11:48,181.21,178.35,181.4,154.61
2025-12-25 22:12:43,181.38,178.84,184.15,154.61
2025-12-25 23:11:32,181.4,178.74,183.94,154.61
2025-12-26 00:34:49,181.39,178.73,183.44,154.53
2025-12-26 01:45:38,181.2,176.12,181.28,154.53
2025-12-26 02:49:29,181.42,178.87,183.27,154.53
2025-12-26 03:43:49,181.44,179.04,183.69,154.53
2025-12-26 04:24:04,181.44,179.21,184.29,154.53
2025-12-26 05:18:37,181.25,179.08,181.44,154.53
2025-12-26 06:20:31,181.24,179.13,181.43,154.53
2025-12-26 07:13:39,182.55,181.43,184.86,154.53
2025-12-26 08:15:31,183.68,181.43,185.63,154.53
2025-12-26 09:10:53,182.53,181.38,185.13,154.53
2025-12-26 10:12:59,182.76,181.4,185.23,154.53
2025-12-26 11:15:06,183.1,181.4,185.21,154.53
2025-12-26 12:18:12,182.72,181.39,185.58,154.53
2025-12-26 13:21:03,182.15,181.4,185.58,154.53
2025-12-26 14:10:26,182.33,181.15,185.25,154.53
2025-12-26 15:13:21,181.22,179.1,182.03,154.53
2025-12-26 16:13:20,183.1,181.4,185.59,154.53
2025-12-26 17:14:25,183.22,181.43,185.68,154.53
2025-12-26 18:13:03,181.43,180.22,184.02,154.53
2025-12-26 19:14:10,182.46,181.43,185.82,154.53
2025-12-26 20:10:36,181.23,179.12,181.42,154.53
2025-12-26 21:16:13,181.23,178.7,181.42,154.53
2025-12-26 22:14:00,181.23,178.61,181.42,154.53
2025-12-26 23:13:03,181.42,178.87,184.28,154.53
2025-12-27 00:36:20,181.24,176.48,181.32,154.08
2025-12-27 01:45:42,181.22,176.51,181.3,154.08
2025-12-27 02:46:39,181.35,179.08,183.0,154.08
2025-12-27 03:41:36,185.06,184.96,185.27,154.08
2025-12-27 04:20:58,181.42,181.42,181.42,154.08
2025-12-27 05:12:48,181.29,181.28,181.4,154.08
2025-12-27 06:19:27,181.21,178.19,181.29,154.08
2025-12-27 07:14:58,184.66,184.32,184.93,154.08
2025-12-27 08:14:07,184.03,183.87,184.36,154.08
2025-12-27 09:12:13,183.76,183.7,184.02,154.08
2025-12-27 10:11:28,185.69,185.15,186.1,154.08
2025-12-27 11:11:15,155.49,155.46,155.51,154.08
2025-12-27 12:20:06,185.03,181.37,185.84,154.08
2025-12-27 13:22:59,181.18,179.73,181.26,154.08
2025-12-27 14:15:08,181.18,179.72,181.26,154.08
2025-12-27 15:11:09,184.79,184.61,184.94,154.08
2025-12-27 16:17:33,181.18,180.08,181.37,154.08
2025-12-27 17:09:44,184.63,184.52,184.67,154.08
2025-12-27 18:16:13,184.45,184.43,184.54,154.08
2025-12-27 20:10:37,182.83,180.58,183.78,154.08
2025-12-27 21:09:00,184.81,184.53,184.85,154.08
2025-12-27 22:11:20,181.21,181.2,181.28,154.08
2025-12-27 23:12:07,155.49,155.47,155.52,154.08
2025-12-28 00:39:05,181.2,179.09,181.28,154.08
2025-12-28 01:44:07,181.34,170.09,183.14,153.73
2025-12-28 02:57:38,181.21,178.11,181.29,153.73
2025-12-28 03:46:29,181.21,179.04,181.29,153.73
2025-12-28 04:30:40,184.54,184.49,184.64,153.73
2025-12-28 05:19:51,182.6,177.15,183.82,153.73
2025-12-28 06:18:42,181.21,178.1,181.29,153.73
2025-12-28 07:16:45,181.22,179.89,181.3,153.73
2025-12-28 08:18:13,183.23,181.1,183.91,153.73
2025-12-28 09:15:29,184.79,184.69,184.95,153.73
2025-12-28 10:17:20,181.21,179.48,181.29,153.73
2025-12-28 11:14:08,185.3,184.9,185.72,153.73
2025-12-28 12:21:00,181.22,180.11,181.3,153.73
2025-12-28 13:21:16,185.03,184.85,185.11,153.73
2025-12-28 14:11:30,181.3,181.29,181.41,153.73
2025-12-28 15:13:56,184.7,184.62,184.97,153.73
2025-12-28 16:14:48,184.52,184.43,184.63,153.73
2025-12-28 17:13:54,186.01,185.51,186.61,153.73
2025-12-28 18:13:44,181.4,181.29,185.35,153.73
2025-12-28 19:12:25,181.3,181.28,181.41,153.73
2025-12-28 20:14:58,186.07,185.8,187.11,153.73
2025-12-28 21:11:02,184.09,183.91,184.26,153.73
2025-12-28 22:17:06,181.21,180.11,181.29,153.73
2025-12-28 23:12:16,181.4,181.4,186.06,153.73
2025-12-29 00:39:35,181.23,179.83,181.31,153.73
2025-12-29 01:47:01,181.24,180.13,181.32,154.73
2025-12-29 03:00:16,181.26,180.15,181.34,154.73
2025-12-29 03:46:04,184.31,183.62,184.48,154.73
2025-12-29 04:32:25,181.28,180.16,181.36,154.73
2025-12-29 05:20:24,181.48,181.48,181.48,154.73
2025-12-29 06:20:50,181.28,180.17,181.36,154.73
2025-12-29 07:17:17,181.36,181.35,185.16,154.73
2025-12-29 08:18:39,184.21,170.02,184.36,154.73
2025-12-29 09:17:39,184.55,184.54,184.58,154.73
2025-12-29 10:17:14,182.92,181.19,184.01,154.73
2025-12-29 11:11:33,185.97,185.48,186.58,154.73
2025-12-29 12:17:52,183.45,182.57,183.99,154.73
2025-12-29 13:23:10,182.4,181.5,183.12,154.73
2025-12-29 14:11:23,185.68,185.19,186.63,154.73
2025-12-29 15:18:01,181.3,180.2,181.38,154.73
2025-12-29 16:10:21,181.36,181.36,181.47,154.73
2025-12-29 17:10:04,185.31,184.93,185.44,154.73
2025-12-29 18:17:49,185.66,185.01,186.06,154.73
2025-12-29 19:16:04,181.29,180.65,181.37,154.73
2025-12-29 20:13:30,181.29,180.49,181.37,154.73
2025-12-29 21:09:21,181.38,181.37,181.49,154.73
2025-12-29 22:09:41,181.47,181.38,181.49,154.73
2025-12-29 23:11:05,181.38,181.37,181.49,154.73
2025-12-30 00:34:55,186.7,186.08,187.37,154.73
2025-12-30 01:46:11,181.3,180.22,181.38,154.64
2025-12-30 02:48:59,181.5,181.5,186.21,154.64
2025-12-30 03:44:42,182.81,180.36,183.76,154.64
2025-12-30 04:26:46,181.33,180.29,181.41,154.64
2025-12-30 05:15:35,184.82,170.18,184.83,154.64
2025-12-30 06:18:28,185.96,185.59,187.47,154.64
2025-12-30 07:12:38,185.87,185.46,186.02,154.64
2025-12-30 08:13:09,183.71,183.36,184.65,154.64
2025-12-30 09:18:56,182.76,181.47,183.71,154.64
2025-12-30 10:12:48,181.5,181.5,181.5,154.64
2025-12-30 11:10:52,183.49,182.9,183.93,154.64
2025-12-30 12:16:15,181.4,181.39,181.51,154.64
2025-12-30 13:21:50,184.35,184.06,184.45,154.64
2025-12-30 14:16:25,182.67,180.3,183.22,154.64
2025-12-30 15:12:47,181.38,181.31,181.5,154.64
2025-12-30 16:14:28,182.81,181.2,183.49,154.64
2025-12-30 17:13:21,181.33,181.28,181.36,154.64
2025-12-30 18:20:03,181.27,180.19,181.35,154.64
2025-12-30 19:10:37,182.71,182.15,183.65,154.64
2025-12-30 20:10:14,181.45,181.45,185.51,154.64
2025-12-30 21:11:35,182.62,181.18,183.4,154.64
2025-12-30 22:10:35,181.36,181.35,181.47,154.64
2025-12-30 23:11:43,181.28,181.08,181.36,154.64
2025-12-31 00:35:28,183.59,183.1,183.69,154.64
2025-12-31 01:45:55,181.3,180.41,181.38,154.52
2025-12-31 02:50:40,182.94,182.44,183.62,154.52
2025-12-31 03:43:35,182.9,181.28,183.67,154.52
2025-12-31 04:29:08,186.21,185.58,187.18,154.52
2025-12-31 05:27:37,184.24,184.22,184.41,154.52
2025-12-31 06:16:38,185.21,181.51,186.22,154.52
2025-12-31 08:18:14,181.33,180.36,181.51,154.52
2025-12-31 09:14:03,181.39,180.91,181.49,154.52
2025-12-31 10:10:30,185.12,181.51,185.72,154.52
2025-12-31 11:09:59,185.21,185.09,185.7,154.52
2025-12-31 12:20:23,182.42,180.54,183.72,154.52
2025-12-31 13:22:03,186.19,185.2,187.09,154.52
2025-12-31 14:13:38,181.38,180.77,181.49,154.52
2025-12-31 15:10:43,181.5,181.49,181.51,154.52
2025-12-31 16:18:17,181.36,180.82,181.51,154.52
2025-12-31 17:16:19,181.31,180.64,181.49,154.52
2025-12-31 18:14:55,184.31,180.17,184.41,154.52
2025-12-31 19:08:27,181.52,181.52,181.53,154.52
2025-12-31 20:17:21,181.36,180.29,181.54,154.52
2025-12-31 21:10:13,181.56,181.54,181.57,154.52
2025-12-31 22:17:25,181.35,180.25,181.53,154.52
2025-12-31 23:10:09,186.6,185.24,187.25,154.52
2026-01-01 00:39:25,181.5,176.25,183.06,154.52
2026-01-01 01:46:06,186.64,185.64,187.19,154.38
2026-01-01 02:59:27,185.25,185.22,185.75,154.38
2026-01-01 03:46:25,183.87,183.64,184.22,154.38
2026-01-01 04:33:42,183.31,180.27,184.25,154.38
2026-01-01 05:16:39,181.43,181.05,181.57,154.38
2026-01-01 06:20:46,181.39,181.01,181.57,154.38
2026-01-01 07:14:11,181.37,180.82,181.55,154.38
2026-01-01 08:17:24,182.31,180.27,182.89,154.38
2026-01-01 09:20:05,181.4,181.02,181.55,154.38
2026-01-01 11:16:37,181.37,181.02,181.55,154.38
2026-01-01 12:13:49,182.86,182.62,183.03,154.38
2026-01-01 13:23:03,181.52,181.48,181.53,154.38
2026-01-01 14:12:50,181.5,181.35,181.53,154.38
2026-01-01 15:17:22,181.32,180.91,181.51,154.38
2026-01-01 16:11:48,183.42,183.07,183.77,154.38
2026-01-01 17:17:35,181.33,180.79,181.51,154.38
2026-01-01 18:15:33,184.16,183.92,184.52,154.38
2026-01-01 19:09:17,181.52,181.51,183.0,154.38
2026-01-01 20:17:59,181.33,180.78,181.5,154.38
2026-01-01 23:11:30,181.72,175.21,182.92,154.38
2026-01-02 00:35:18,183.2,169.33,183.54,154.38
2026-01-02 01:43:49,185.15,169.97,186.18,154.12
2026-01-02 02:51:01,181.45,157.9,182.98,154.12
2026-01-02 03:43:59,184.01,183.54,184.67,154.12
2026-01-02 04:27:38,181.31,180.32,181.49,154.12
2026-01-02 05:18:48,181.5,181.49,184.34,154.12
2026-01-02 06:13:45,181.5,181.49,181.5,154.12
2026-01-02 07:19:59,181.31,180.95,181.49,154.12
2026-01-02 08:13:09,183.98,169.73,184.02,154.12
2026-01-02 09:19:13,181.31,180.4,181.48,154.12
2026-01-02 10:10:50,181.49,181.48,181.5,154.12
2026-01-02 11:10:36,181.5,181.49,182.78,154.12
2026-01-02 12:15:41,181.29,180.94,181.47,154.12
2026-01-02 13:26:35,181.28,180.93,181.46,154.12
2026-01-02 14:11:09,183.67,183.36,183.88,154.12
2026-01-02 15:11:28,181.42,181.41,181.43,154.12
2026-01-02 17:10:03,155.41,155.4,155.42,154.12
2026-01-02 18:19:20,181.17,180.49,181.35,154.12
2026-01-02 19:14:52,181.2,180.77,181.37,154.12
2026-01-02 20:12:03,187.06,185.7,187.83,154.12
2026-01-02 21:12:31,181.36,181.19,181.37,154.12
2026-01-02 22:16:20,181.38,181.38,182.69,154.12
2026-01-02 23:11:36,182.35,177.22,182.95,154.12
2026-01-03 00:36:10,181.1,180.69,181.35,154.12
2026-01-03 01:44:08,181.13,180.71,181.35,153.82
2026-01-03 02:49:08,181.14,180.7,181.36,153.82
2026-01-03 03:41:34,185.57,185.04,187.07,153.82
2026-01-03 04:18:46,181.35,181.34,181.36,153.82
2026-01-03 05:13:14,181.01,180.62,181.34,153.82
